{
  "preprocessing": {
    "resize": 0.13901660277042538,
    "denoise": 0.6403418010449968,
    "enhance_contrast": 0.4157497998676263,
    "sharpen": 0.212833599653095,
    "binarize": 0.5089748010504991,
    "full_pipeline": 1.8709416006458923
  },
  "ocr_engines": {
    "basic": {
      "avg_processing_time": 0.001730208203662187,
      "avg_confidence": 0.5,
      "avg_text_length": 17.0,
      "success_rate": 1.0,
      "total_images": 5,
      "performance_stats": {
        "processing_stats": {
          "total_requests": 5,
          "cache_hit_rate": 0.0,
          "average_processing_time": 0.0016869068145751952,
          "average_confidence": 0.5,
          "average_preprocessing_time": 0.0006080150604248046
        },
        "cache_stats": {
          "size": 0,
          "max_size": 1000,
          "hit_rate": 0.0,
          "oldest_entry_age": -9.5367431640625e-07
        },
        "config": {
          "cache_enabled": false,
          "batch_size": 4,
          "max_workers": 4,
          "engines_available": [
            "fallback"
          ]
        }
      }
    },
    "optimized": {
      "avg_processing_time": 0.003981883400410879,
      "avg_confidence": 0.5,
      "avg_text_length": 17.0,
      "success_rate": 1.0,
      "total_images": 5,
      "performance_stats": {
        "processing_stats": {
          "total_requests": 5,
          "cache_hit_rate": 0.0,
          "average_processing_time": 0.003908586502075195,
          "average_confidence": 0.5,
          "average_preprocessing_time": 0.0017922401428222656
        },
        "cache_stats": {
          "size": 0,
          "max_size": 1000,
          "hit_rate": 0.0,
          "oldest_entry_age": -1.1920928955078125e-06
        },
        "config": {
          "cache_enabled": true,
          "batch_size": 4,
          "max_workers": 4,
          "engines_available": [
            "fallback"
          ]
        }
      }
    }
  },
  "caching": {
    "first_pass_avg_time": 0.007621016398479697,
    "second_pass_avg_time": 0.0031883415984339082,
    "speed_improvement_percent": 58.16382708387893,
    "cache_hit_rate": 0.0,
    "cache_size": 0
  },
  "batch_processing": {
    "sequential_time": 0.04595320799853653,
    "batch_time": 0.02276558300218312,
    "speed_improvement_percent": 50.45920841280953,
    "images_processed": 20,
    "sequential_rate": 435.2253274817493,
    "batch_rate": 878.5191223999002
  },
  "summary": {
    "total_test_time": 1.1746530532836914,
    "timestamp": "2025-05-31 20:26:26",
    "test_count": 4
  }
}